filename,label
mask1.jpg,mask
mask2.jpg,mask
mask3.jpg,mask
mask4.jpg,mask
nomask1.jpg,nomask
mask5.jpg,mask
mask6.jpg,mask
nomask2.jpg,nomask
mask7.jpg,mask
mask8.jpg,mask
nomask3.jpg,nomask
nomask4.jpg,nomask
mask9.jpg,mask
mask10.jpg,mask
nomask5.jpg,nomask
nomask6.jpg,nomask
mask11.jpg,mask
mask12.jpg,mask
nomask7.jpg,nomask
mask13.jpg,mask
nomask8.jpg,nomask
mask14.jpg,mask
mask15.jpg,mask
nomask9.jpg,nomask
mask16.jpg,mask
mask17.jpg,mask
nomask10.jpg,nomask
nomask11.jpg,nomask
nomask12.jpg,nomask
nomask13.jpg,nomask
mask18.jpg,mask
mask19.jpg,mask
mask20.jpg,mask
nomask14.jpg,nomask
nomask15.jpg,nomask
mask21.jpg,mask
mask22.jpg,mask
nomask16.jpg,nomask
mask23.jpg,mask
nomask17.jpg,nomask
mask24.jpg,mask
mask25.jpg,mask
mask26.jpg,mask
nomask18.jpg,nomask
mask27.jpg,mask
mask28.jpg,mask
mask29.jpg,mask
mask30.jpg,mask
nomask19.jpg,nomask
nomask20.jpg,nomask
mask31.jpg,mask
mask32.jpg,mask
mask33.jpg,mask
mask34.jpg,mask
mask35.jpg,mask
mask36.jpg,mask
mask37.jpg,mask
mask38.jpg,mask
nomask21.jpg,nomask
mask39.jpg,mask
nomask22.jpg,nomask
mask40.jpg,mask
nomask23.jpg,nomask
nomask24.jpg,nomask
nomask25.jpg,nomask
nomask26.jpg,nomask
nomask27.jpg,nomask
nomask28.jpg,nomask
mask41.jpg,mask
mask42.jpg,mask
nomask29.jpg,nomask
mask43.jpg,mask
nomask30.jpg,nomask
mask44.jpg,mask
mask45.jpg,mask
mask46.jpg,mask
mask47.jpg,mask
nomask31.jpg,nomask
nomask32.jpg,nomask
mask48.jpg,mask
mask49.jpg,mask
nomask33.jpg,nomask
nomask34.jpg,nomask
nomask35.jpg,nomask
nomask36.jpg,nomask
nomask37.jpg,nomask
mask50.jpg,mask
mask51.jpg,mask
mask52.jpg,mask
mask53.jpg,mask
mask54.jpg,mask
mask55.jpg,mask
mask56.jpg,mask
mask57.jpg,mask
mask58.jpg,mask
mask59.jpg,mask
nomask38.jpg,nomask
mask60.jpg,mask
mask61.jpg,mask
nomask39.jpg,nomask
nomask40.jpg,nomask
mask62.jpg,mask
mask63.jpg,mask
nomask41.jpg,nomask
nomask42.jpg,nomask
mask64.jpg,mask
mask65.jpg,mask
nomask43.jpg,nomask
mask66.jpg,mask
nomask44.jpg,nomask
nomask45.jpg,nomask
nomask46.jpg,nomask
mask67.jpg,mask
mask68.jpg,mask
mask69.jpg,mask
nomask47.jpg,nomask
mask70.jpg,mask
mask71.jpg,mask
mask72.jpg,mask
mask73.jpg,mask
nomask48.jpg,nomask
mask74.jpg,mask
nomask49.jpg,nomask
mask75.jpg,mask
nomask50.jpg,nomask
mask76.jpg,mask
nomask51.jpg,nomask
mask77.jpg,mask
nomask52.jpg,nomask
nomask53.jpg,nomask
nomask54.jpg,nomask
mask78.jpg,mask
mask79.jpg,mask
mask80.jpg,mask
mask81.jpg,mask
mask82.jpg,mask
mask83.jpg,mask
mask84.jpg,mask
nomask55.jpg,nomask
nomask56.jpg,nomask
mask85.jpg,mask
nomask57.jpg,nomask
mask86.jpg,mask
nomask58.jpg,nomask
nomask59.jpg,nomask
nomask60.jpg,nomask
nomask61.jpg,nomask
mask87.jpg,mask
nomask62.jpg,nomask
mask88.jpg,mask
mask89.jpg,mask
mask90.jpg,mask
mask91.jpg,mask
nomask63.jpg,nomask
nomask64.jpg,nomask
nomask65.jpg,nomask
nomask66.jpg,nomask
nomask67.jpg,nomask
mask92.jpg,mask
mask93.jpg,mask
mask94.jpg,mask
mask95.jpg,mask
nomask68.jpg,nomask
nomask69.jpg,nomask
nomask70.jpg,nomask
mask96.jpg,mask
mask97.jpg,mask
mask98.jpg,mask
nomask71.jpg,nomask
mask99.jpg,mask
nomask72.jpg,nomask
mask100.jpg,mask
nomask73.jpg,nomask
nomask74.jpg,nomask
mask101.jpg,mask
mask102.jpg,mask
nomask75.jpg,nomask
nomask76.jpg,nomask
nomask77.jpg,nomask
nomask78.jpg,nomask
mask103.jpg,mask
mask104.jpg,mask
mask105.jpg,mask
mask106.jpg,mask
mask107.jpg,mask
nomask79.jpg,nomask
nomask80.jpg,nomask
mask108.jpg,mask
nomask81.jpg,nomask
nomask82.jpg,nomask
nomask83.jpg,nomask
mask109.jpg,mask
mask110.jpg,mask
nomask84.jpg,nomask
mask111.jpg,mask
mask112.jpg,mask
mask113.jpg,mask
nomask85.jpg,nomask
nomask86.jpg,nomask
mask114.jpg,mask
mask115.jpg,mask
mask116.jpg,mask
nomask87.jpg,nomask
mask117.jpg,mask
nomask88.jpg,nomask
mask118.jpg,mask
mask119.jpg,mask
mask120.jpg,mask
mask121.jpg,mask
nomask89.jpg,nomask
nomask90.jpg,nomask
mask122.jpg,mask
nomask91.jpg,nomask
nomask92.jpg,nomask
nomask93.jpg,nomask
mask123.jpg,mask
mask124.jpg,mask
mask125.jpg,mask
nomask94.jpg,nomask
nomask95.jpg,nomask
nomask96.jpg,nomask
mask126.jpg,mask
mask127.jpg,mask
mask128.jpg,mask
nomask97.jpg,nomask
nomask98.jpg,nomask
nomask99.jpg,nomask
nomask100.jpg,nomask
nomask101.jpg,nomask
nomask102.jpg,nomask
mask129.jpg,mask
nomask103.jpg,nomask
nomask104.jpg,nomask
mask130.jpg,mask
mask131.jpg,mask
nomask105.jpg,nomask
nomask106.jpg,nomask
nomask107.jpg,nomask
nomask108.jpg,nomask
mask132.jpg,mask
nomask109.jpg,nomask
mask133.jpg,mask
mask134.jpg,mask
nomask110.jpg,nomask
nomask111.jpg,nomask
nomask112.jpg,nomask
mask135.jpg,mask
nomask113.jpg,nomask
nomask114.jpg,nomask
mask136.jpg,mask
mask137.jpg,mask
mask138.jpg,mask
nomask115.jpg,nomask
nomask116.jpg,nomask
mask139.jpg,mask
nomask117.jpg,nomask
nomask118.jpg,nomask
mask140.jpg,mask
nomask119.jpg,nomask
nomask120.jpg,nomask
nomask121.jpg,nomask
nomask122.jpg,nomask
mask141.jpg,mask
nomask123.jpg,nomask
nomask124.jpg,nomask
mask142.jpg,mask
mask143.jpg,mask
mask144.jpg,mask
nomask125.jpg,nomask
mask145.jpg,mask
mask146.jpg,mask
mask147.jpg,mask
mask148.jpg,mask
mask149.jpg,mask
mask150.jpg,mask
mask151.jpg,mask
mask152.jpg,mask
nomask126.jpg,nomask
nomask127.jpg,nomask
nomask128.jpg,nomask
mask153.jpg,mask
mask154.jpg,mask
mask155.jpg,mask
nomask129.jpg,nomask
nomask130.jpg,nomask
nomask131.jpg,nomask
mask156.jpg,mask
nomask132.jpg,nomask
nomask133.jpg,nomask
nomask134.jpg,nomask
mask157.jpg,mask
nomask135.jpg,nomask
mask158.jpg,mask
mask159.jpg,mask
nomask136.jpg,nomask
mask160.jpg,mask
mask161.jpg,mask
nomask137.jpg,nomask
nomask138.jpg,nomask
mask162.jpg,mask
mask163.jpg,mask
nomask139.jpg,nomask
mask164.jpg,mask
mask165.jpg,mask
mask166.jpg,mask
nomask140.jpg,nomask
mask167.jpg,mask
mask168.jpg,mask
mask169.jpg,mask
mask170.jpg,mask
mask171.jpg,mask
nomask141.jpg,nomask
mask172.jpg,mask
nomask142.jpg,nomask
mask173.jpg,mask
nomask143.jpg,nomask
nomask144.jpg,nomask
nomask145.jpg,nomask
mask174.jpg,mask
nomask146.jpg,nomask
nomask147.jpg,nomask
nomask148.jpg,nomask
mask175.jpg,mask
mask176.jpg,mask
nomask149.jpg,nomask
mask177.jpg,mask
nomask150.jpg,nomask
nomask151.jpg,nomask
mask178.jpg,mask
nomask152.jpg,nomask
nomask153.jpg,nomask
mask179.jpg,mask
mask180.jpg,mask
mask181.jpg,mask
mask182.jpg,mask
mask183.jpg,mask
mask184.jpg,mask
nomask154.jpg,nomask
nomask155.jpg,nomask
nomask156.jpg,nomask
nomask157.jpg,nomask
nomask158.jpg,nomask
mask185.jpg,mask
nomask159.jpg,nomask
mask186.jpg,mask
mask187.jpg,mask
mask188.jpg,mask
mask189.jpg,mask
nomask160.jpg,nomask
mask190.jpg,mask
mask191.jpg,mask
nomask161.jpg,nomask
mask192.jpg,mask
mask193.jpg,mask
nomask162.jpg,nomask
mask194.jpg,mask
mask195.jpg,mask
nomask163.jpg,nomask
nomask164.jpg,nomask
nomask165.jpg,nomask
nomask166.jpg,nomask
mask196.jpg,mask
nomask167.jpg,nomask
nomask168.jpg,nomask
mask197.jpg,mask
nomask169.jpg,nomask
nomask170.jpg,nomask
nomask171.jpg,nomask
mask198.jpg,mask
nomask172.jpg,nomask
mask199.jpg,mask
nomask173.jpg,nomask
mask200.jpg,mask
mask201.jpg,mask
mask202.jpg,mask
mask203.jpg,mask
mask204.jpg,mask
nomask174.jpg,nomask
nomask175.jpg,nomask
mask205.jpg,mask
mask206.jpg,mask
mask207.jpg,mask
mask208.jpg,mask
nomask176.jpg,nomask
nomask177.jpg,nomask
mask209.jpg,mask
mask210.jpg,mask
mask211.jpg,mask
nomask178.jpg,nomask
nomask179.jpg,nomask
mask212.jpg,mask
mask213.jpg,mask
mask214.jpg,mask
mask215.jpg,mask
mask216.jpg,mask
mask217.jpg,mask
mask218.jpg,mask
mask219.jpg,mask
mask220.jpg,mask
mask221.jpg,mask
mask222.jpg,mask
mask223.jpg,mask
mask224.jpg,mask
mask225.jpg,mask
mask226.jpg,mask
mask227.jpg,mask
mask228.jpg,mask
mask229.jpg,mask
mask230.jpg,mask
mask231.jpg,mask
nomask180.jpg,nomask
mask232.jpg,mask
mask233.jpg,mask
mask234.jpg,mask
mask235.jpg,mask
mask236.jpg,mask
mask237.jpg,mask
mask238.jpg,mask
mask239.jpg,mask
mask240.jpg,mask
mask241.jpg,mask
mask242.jpg,mask
mask243.jpg,mask
mask244.jpg,mask
mask245.jpg,mask
nomask181.jpg,nomask
mask246.jpg,mask
mask247.jpg,mask
mask248.jpg,mask
nomask182.jpg,nomask
mask249.jpg,mask
mask250.jpg,mask
mask251.jpg,mask
mask252.jpg,mask
mask253.jpg,mask
nomask183.jpg,nomask
mask254.jpg,mask
nomask184.jpg,nomask
mask255.jpg,mask
mask256.jpg,mask
mask257.jpg,mask
mask258.jpg,mask
mask259.jpg,mask
mask260.jpg,mask
mask261.jpg,mask
mask262.jpg,mask
nomask185.jpg,nomask
mask263.jpg,mask
mask264.jpg,mask
mask265.jpg,mask
mask266.jpg,mask
mask267.jpg,mask
mask268.jpg,mask
nomask186.jpg,nomask
mask269.jpg,mask
mask270.jpg,mask
mask271.jpg,mask
mask272.jpg,mask
mask273.jpg,mask
mask274.jpg,mask
mask275.jpg,mask
mask276.jpg,mask
mask277.jpg,mask
mask278.jpg,mask
mask279.jpg,mask
mask280.jpg,mask
mask281.jpg,mask
mask282.jpg,mask
mask283.jpg,mask
mask284.jpg,mask
mask285.jpg,mask
mask286.jpg,mask
nomask187.jpg,nomask
mask287.jpg,mask
mask288.jpg,mask
mask289.jpg,mask
nomask188.jpg,nomask
mask290.jpg,mask
mask291.jpg,mask
nomask189.jpg,nomask
mask292.jpg,mask
mask293.jpg,mask
mask294.jpg,mask
mask295.jpg,mask
mask296.jpg,mask
mask297.jpg,mask
mask298.jpg,mask
nomask190.jpg,nomask
nomask191.jpg,nomask
mask299.jpg,mask
nomask192.jpg,nomask
mask300.jpg,mask
mask301.jpg,mask
mask302.jpg,mask
nomask193.jpg,nomask
mask303.jpg,mask
mask304.jpg,mask
mask305.jpg,mask
mask306.jpg,mask
mask307.jpg,mask
mask308.jpg,mask
mask309.jpg,mask
mask310.jpg,mask
mask311.jpg,mask
mask312.jpg,mask
mask313.jpg,mask
mask314.jpg,mask
mask315.jpg,mask
mask316.jpg,mask
mask317.jpg,mask
mask318.jpg,mask
mask319.jpg,mask
nomask194.jpg,nomask
mask320.jpg,mask
mask321.jpg,mask
mask322.jpg,mask
mask323.jpg,mask
mask324.jpg,mask
mask325.jpg,mask
mask326.jpg,mask
nomask195.jpg,nomask
mask327.jpg,mask
nomask196.jpg,nomask
nomask197.jpg,nomask
mask328.jpg,mask
mask329.jpg,mask
mask330.jpg,mask
mask331.jpg,mask
mask332.jpg,mask
nomask198.jpg,nomask
mask333.jpg,mask
nomask199.jpg,nomask
mask334.jpg,mask
mask335.jpg,mask
mask336.jpg,mask
mask337.jpg,mask
mask338.jpg,mask
mask339.jpg,mask
mask340.jpg,mask
mask341.jpg,mask
mask342.jpg,mask
nomask200.jpg,nomask
mask343.jpg,mask
mask344.jpg,mask
mask345.jpg,mask
nomask201.jpg,nomask
nomask202.jpg,nomask
mask346.jpg,mask
mask347.jpg,mask
mask348.jpg,mask
nomask203.jpg,nomask
mask349.jpg,mask
mask350.jpg,mask
mask351.jpg,mask
mask352.jpg,mask
mask353.jpg,mask
nomask204.jpg,nomask
mask354.jpg,mask
mask355.jpg,mask
mask356.jpg,mask
mask357.jpg,mask
mask358.jpg,mask
mask359.jpg,mask
mask360.jpg,mask
mask361.jpg,mask
nomask205.jpg,nomask
mask362.jpg,mask
mask363.jpg,mask
mask364.jpg,mask
mask365.jpg,mask
mask366.jpg,mask
mask367.jpg,mask
mask368.jpg,mask
mask369.jpg,mask
mask370.jpg,mask
mask371.jpg,mask
mask372.jpg,mask
nomask206.jpg,nomask
mask373.jpg,mask
nomask207.jpg,nomask
mask374.jpg,mask
mask375.jpg,mask
mask376.jpg,mask
mask377.jpg,mask
mask378.jpg,mask
mask379.jpg,mask
mask380.jpg,mask
mask381.jpg,mask
mask382.jpg,mask
mask383.jpg,mask
mask384.jpg,mask
mask385.jpg,mask
mask386.jpg,mask
mask387.jpg,mask
mask388.jpg,mask
nomask208.jpg,nomask
mask389.jpg,mask
mask390.jpg,mask
mask391.jpg,mask
mask392.jpg,mask
mask393.jpg,mask
nomask209.jpg,nomask
mask394.jpg,mask
mask395.jpg,mask
mask396.jpg,mask
mask397.jpg,mask
mask398.jpg,mask
mask399.jpg,mask
mask400.jpg,mask
mask401.jpg,mask
mask402.jpg,mask
nomask210.jpg,nomask
nomask211.jpg,nomask
mask403.jpg,mask
mask404.jpg,mask
mask405.jpg,mask
mask406.jpg,mask
mask407.jpg,mask
mask408.jpg,mask
mask409.jpg,mask
mask410.jpg,mask
mask411.jpg,mask
nomask212.jpg,nomask
mask412.jpg,mask
mask413.jpg,mask
mask414.jpg,mask
mask415.jpg,mask
mask416.jpg,mask
mask417.jpg,mask
mask418.jpg,mask
mask419.jpg,mask
mask420.jpg,mask
mask421.jpg,mask
mask422.jpg,mask
mask423.jpg,mask
mask424.jpg,mask
mask425.jpg,mask
mask426.jpg,mask
mask427.jpg,mask
mask428.jpg,mask
mask429.jpg,mask
mask430.jpg,mask
mask431.jpg,mask
mask432.jpg,mask
mask433.jpg,mask
mask434.jpg,mask
mask435.jpg,mask
mask436.jpg,mask
mask437.jpg,mask
mask438.jpg,mask
nomask213.jpg,nomask
mask439.jpg,mask
mask440.jpg,mask
mask441.jpg,mask
mask442.jpg,mask
mask443.jpg,mask
mask444.jpg,mask
mask445.jpg,mask
mask446.jpg,mask
mask447.jpg,mask
mask448.jpg,mask
mask449.jpg,mask
mask450.jpg,mask
mask451.jpg,mask
mask452.jpg,mask
nomask214.jpg,nomask
nomask215.jpg,nomask
mask453.jpg,mask
nomask216.jpg,nomask
nomask217.jpg,nomask
mask454.jpg,mask
mask455.jpg,mask
nomask218.jpg,nomask
mask456.jpg,mask
mask457.jpg,mask
mask458.jpg,mask
mask459.jpg,mask
nomask219.jpg,nomask
mask460.jpg,mask
mask461.jpg,mask
mask462.jpg,mask
mask463.jpg,mask
mask464.jpg,mask
mask465.jpg,mask
mask466.jpg,mask
mask467.jpg,mask
mask468.jpg,mask
mask469.jpg,mask
mask470.jpg,mask
nomask220.jpg,nomask
mask471.jpg,mask
mask472.jpg,mask
nomask221.jpg,nomask
mask473.jpg,mask
mask474.jpg,mask
nomask222.jpg,nomask
mask475.jpg,mask
mask476.jpg,mask
mask477.jpg,mask
mask478.jpg,mask
mask479.jpg,mask
mask480.jpg,mask
mask481.jpg,mask
mask482.jpg,mask
mask483.jpg,mask
mask484.jpg,mask
mask485.jpg,mask
mask486.jpg,mask
mask487.jpg,mask
mask488.jpg,mask
mask489.jpg,mask
mask490.jpg,mask
mask491.jpg,mask
mask492.jpg,mask
mask493.jpg,mask
mask494.jpg,mask
nomask223.jpg,nomask
mask495.jpg,mask
mask496.jpg,mask
mask497.jpg,mask
mask498.jpg,mask
nomask224.jpg,nomask
nomask225.jpg,nomask
mask499.jpg,mask
mask500.jpg,mask
mask501.jpg,mask
mask502.jpg,mask
